Student,Lec 1,Lec 2,Lec 3,Lec 4,Lec 5,Lec 6,Lec 7,Lec 8,Lec 9,Lec 10,Lec 11,Lec 12,Lec 13,Lec 14,Lec 15,Lec 16,Lec 17,Lec 18,Lec 19,Lec 20,Lec 21,Lec 22,Lec 23,Lec 24,Lec 25,Lec 26,Lec 27,Lec 28,Activity 1,Activity 2,Activity 3,Activity 4,Activity 5,Activity 6,Activity 7,Activity 8,Activity 9,Activity 10,Activity 11,Activity 12,Activity 13,Activity 14,Activity 15,Activity 16
1,1,1,0.5,1,0.5,1,1,1,0.5,0.5,1,1,1,1,0.5,0,1,1,1,0.1,1,0.5,1,,,,,,1,1,1,1,1,,1,1,1,1,1,1,,,1,1
2,1,1,0.5,1,0,1,1,1,0.5,0,1,1,1,0,0,0.5,1,0,0,0.1,1,1,1,,,,,,1,1,1,1,1,,1,1,1,1,1,1,,,1,1
3,0.5,1,0.5,1,0.5,1,1,1,0.5,0.5,1,0.5,0.5,1,0.5,0.5,1,1,1,0.1,1,1,1,,,,,,1,1,1,1,1,,1,1,1,1,0,1,,,1,1
4,1,1,0.5,1,0.5,1,1,1,0.5,0.5,1,1,1,1,0.5,0.5,1,1,1,0.1,1,1,1,,,,,,1,1,1,1,1,,1,1,1,1,1,1,,,1,1
5,1,0.5,0,1,0.5,0,1,1,0.5,0.5,1,0,0,1,0.5,0,1,1,0,0,0.5,0.5,0,,,,,,1,1,0,1,0,,1,1,0,1,0,1,,,0,1
6,0.5,0.5,0.5,1,0.5,1,1,1,0.5,0.5,1,1,0.5,1,0.5,0.5,1,1,0.5,0.1,1,0,0.5,,,,,,1,1,1,1,1,,1,1,1,1,1,1,,,1,1
7,1,1,0,1,0.5,1,1,1,0.5,0.5,1,1,1,1,0.5,0.5,1,1,1,0.1,1,1,1,,,,,,1,1,0,1,1,,1,1,1,1,1,1,,,1,1
8,1,1,0,1,0.5,1,1,1,0.5,0.5,1,1,0.5,1,0.5,0.5,1,1,1,0.1,1,1,0.5,,,,,,1,1,1,1,1,,0,1,1,1,1,0,,,1,1
9,1,1,0.5,1,0.5,1,1,1,0.5,0.5,1,1,1,1,0.5,0.5,1,1,1,0.1,1,1,1,,,,,,1,1,1,1,1,,1,1,1,1,1,1,,,1,1
10,1,1,0.5,1,0.5,1,1,1,0.5,0.5,1,1,1,1,0.5,0.5,1,1,1,0.1,1,1,1,,,,,,1,1,1,1,1,,1,1,1,1,1,1,,,1,1
11,1,1,0.5,1,0.5,1,1,1,0.5,0.5,1,1,1,1,0.5,0.5,1,1,1,0.1,1,1,1,,,,,,1,1,1,1,1,,1,1,1,1,1,0,,,1,1
12,1,1,0.5,1,0.5,1,1,1,0.5,0.5,1,1,1,1,0.5,0.5,1,1,1,0.1,1,1,1,,,,,,1,1,1,1,1,,1,1,1,1,1,1,,,1,1
13,1,1,0.5,1,0.5,0.5,1,1,0.5,0.5,1,1,1,1,0.5,0.5,1,1,1,0.1,1,1,1,,,,,,1,1,1,1,1,,1,1,1,1,1,1,,,0,1
14,1,1,0.5,1,0.5,1,1,1,0.5,0.5,1,1,1,1,0.5,0.5,1,1,1,0.1,1,1,1,,,,,,1,1,1,1,1,,1,1,1,1,1,1,,,1,1
15,0,0,0.5,0,0.5,1,0,0,0.5,0.5,0,0,0,0,0.5,0.5,1,1,0,0,0,0,0,,,,,,0,1,0,1,1,,1,1,1,1,1,0,,,0,0
16,0,0,0,0,0,0,0,0,0,0,0,0,0,0,0,0,0,0,0,0,0,0,0,,,,,,0,1,0.5,0,0,,0,0,0,0,0,0,,,0,0
17,1,1,0.5,1,0.5,1,1,1,0.5,0.5,1,1,1,1,0.5,0.5,1,1,1,0.1,1,1,1,,,,,,1,1,1,1,1,,1,1,1,1,1,1,,,1,1
18,1,1,0.5,1,0.5,1,1,1,0.5,0.5,1,1,1,1,0.5,0.5,1,1,0,0.1,1,1,1,,,,,,1,1,1,1,1,,1,1,1,1,1,1,,,0,1
19,1,1,0.5,1,0.5,1,1,1,0.5,0.5,1,1,1,1,0.5,0.5,1,0,1,0.1,1,1,1,,,,,,1,1,1,1,1,,1,1,1,0,1,1,,,1,1
20,0.5,1,0.5,1,0,1,1,1,0.5,0.5,1,1,1,1,0,0.5,1,1,1,0.1,1,1,1,,,,,,1,1,1,1,1,,1,1,1,1,1,1,,,1,1
21,1,1,0,1,0,1,1,1,0.5,0.5,1,1,1,1,0,0.5,1,1,1,0,0.5,1,1,,,,,,1,1,1,1,1,,1,1,1,1,1,1,,,1,0
22,1,1,0.5,1,0.5,1,1,1,0.5,0.5,1,1,0.5,1,0.5,0.5,1,1,1,0.05,1,1,1,,,,,,1,1,1,1,1,,1,1,1,1,1,0,,,1,1
23,1,1,0.5,1,0.5,1,1,1,0.5,0.5,1,1,1,1,0.5,0.5,1,1,1,0.1,1,1,1,,,,,,1,1,1,1,1,,1,1,1,1,1,1,,,0,1
24,0.5,1,0.5,1,0,0.5,0,0,0,0.5,0,0,0,0,0,0,0,0,0,0,0,0,0,,,,,,1,1,0,1,0,,0,0,0,0,0,0,,,0,0
25,1,1,0.5,1,0.5,1,1,1,0.5,0.5,1,1,1,1,0.5,0.5,1,1,1,0.1,1,1,1,,,,,,1,1,1,1,1,,1,1,1,1,1,1,,,1,1
26,1,1,0.5,1,0,1,0,0,0.5,0.5,1,0.5,0,1,0,0.5,1,0.5,0.5,0.1,0.5,1,1,,,,,,1,1,1,1,1,,1,1,1,1,1,1,,,1,1
27,1,0.5,0.5,1,0.5,0.5,1,0.5,0.5,0.5,1,1,1,1,0.5,0.5,0,1,0,0.1,1,0.5,0,,,,,,1,1,1,1,1,,1,0,1,1,0,0,,,0,0
28,1,1,0.5,1,0.5,1,0.5,1,0.5,0.5,1,1,1,1,0.5,0.5,1,1,1,0.1,1,1,0.5,,,,,,1,1,1,1,1,,1,1,1,0,1,0,,,1,1
29,1,1,0.5,0,0.5,0.5,0.5,1,0,0,0.5,0,0.5,0,0.5,0,0.5,0,0,0,0,0,0,,,,,,1,0,1,0,0,,0,0,0,0,0,0,,,0,0
30,1,1,0.5,1,0.5,1,1,1,0.5,0.5,1,1,1,0.5,0.5,0.5,1,1,1,0.1,1,1,1,,,,,,1,0,1,1,1,,1,1,1,1,1,1,,,1,1
31,1,1,0.5,1,0.5,1,1,1,0.5,0.5,1,1,1,1,0.5,0.5,1,1,1,0.1,1,1,1,,,,,,1,1,1,1,1,,1,1,1,1,0,1,,,1,1
32,1,1,0.5,1,0.5,1,1,1,0.5,0.5,1,1,1,1,0.5,0.5,1,1,1,0.1,1,1,1,,,,,,1,1,1,1,1,,1,0,1,1,1,1,,,1,1
33,0.5,0.5,0.5,1,0.5,1,1,1,0.5,0.5,1,1,0.5,1,0.5,0.5,1,1,1,0.1,0.5,1,1,,,,,,1,1,1,1,1,,1,1,1,1,0,1,,,1,0
34,1,1,0.5,1,0.5,1,1,1,0.5,0.5,0,1,1,1,0.5,0,1,1,1,0,1,1,1,,,,,,1,1,1,1,1,,1,1,1,1,1,1,,,1,1
35,1,1,0.5,1,0.5,1,1,1,0.5,0.5,1,1,1,1,0.5,0.5,1,1,1,0.1,0.5,1,0,,,,,,1,1,1,1,1,,1,1,1,1,1,0,,,0,1
36,1,1,0.5,1,0.5,1,1,1,0.5,0.5,1,1,1,1,0.5,0.5,1,1,1,0.1,1,1,1,,,,,,1,1,1,1,1,,1,1,1,1,1,1,,,1,1
37,1,1,0.5,1,0.5,1,1,1,0.5,0.5,1,1,1,1,0.5,0.5,1,1,1,0.1,1,1,1,,,,,,0,0,1,1,1,,1,1,1,1,1,1,,,1,1
38,0.5,1,0.5,1,0.5,1,1,1,0.5,0.5,1,1,1,0,0.5,0.5,1,1,1,0.1,0.5,1,1,,,,,,1,1,1,1,1,,1,1,0,0,0,0,,,1,1
39,1,0.5,0.5,1,0.5,1,1,1,0.5,0.5,1,1,1,1,0.5,0.5,1,1,1,0.1,1,0.5,1,,,,,,1,1,1,1,1,,1,1,1,1,1,0,,,1,1
40,1,1,0.5,1,0.5,1,1,1,0.5,0.5,1,1,1,1,0.5,0.5,1,1,1,0.1,1,1,1,,,,,,1,1,1,1,1,,1,1,0.5,1,1,1,,,1,1
41,1,1,0.5,1,0.5,1,1,0.5,0.5,0.5,1,1,1,1,0.5,0.5,1,1,1,0.1,1,1,1,,,,,,1,1,1,1,1,,1,1,1,1,1,1,,,1,1
42,1,1,0.5,1,0.5,1,1,1,0.5,0.5,1,1,1,1,0.5,0.5,1,1,1,0,1,1,1,,,,,,1,1,1,1,1,,1,1,1,0,1,1,,,1,1
43,1,1,0.5,1,0.5,0.5,1,1,0.5,0.5,1,1,0,1,0.5,0.5,1,1,0,0.05,0.5,0.5,0.5,,,,,,1,1,1,1,1,,1,1,1,1,1,0,,,1,1
44,1,1,0.5,1,0,1,1,0.5,0.5,0.5,1,1,1,0.5,0.5,0.5,0.5,1,1,0.1,0.5,1,1,,,,,,1,1,1,1,1,,1,1,1,1,1,0.5,,,0.5,0.5
45,1,1,0.5,1,0.5,1,1,1,0.5,0.5,1,1,1,1,0.5,0.5,1,1,1,0.1,1,1,1,,,,,,1,1,1,1,1,,1,1,1,1,1,1,,,1,1
46,0,0,0,1,0,1,0.5,0,0,0,0,0,0,0,0,0,0,0,0,0,0,0,0,,,,,,0,1,1,1,1,,0,0,0,0,0,0,,,0,0
47,1,1,0.5,1,0.5,0.5,0.5,1,0.5,0,0,0,0,0,0,0.5,1,0,0.5,0.1,1,1,1,,,,,,1,1,1,1,1,,1,1,1,0,0,1,,,1,1
48,1,1,0.5,1,0.5,1,0.5,1,0.5,0,1,1,1,1,0,0.5,1,1,0.5,0.05,1,1,1,,,,,,1,1,1,1,1,,1,1,1,1,1,1,,,1,1
49,1,1,0.5,1,0.5,0.5,1,1,0.5,0.5,1,1,1,1,0.5,0.5,1,1,1,0.1,1,1,1,,,,,,1,1,1,1,1,,1,1,1,1,1,1,,,1,1
50,1,1,0.5,1,0,1,1,1,0.5,0.5,1,0,0,0,0.5,0,1,1,1,0.1,1,0,1,,,,,,1,1,1,1,1,,1,1,0,0,0,0,,,1,0
51,1,0.5,0.5,1,0.5,1,0,0,0,0,0,0,0.5,1,0.5,0,1,1,0.5,0,0.5,1,1,,,,,,1,1,1,1,1,,1,1,1,1,1,1,,,1,1
52,1,1,0.5,1,0,1,1,1,0.5,0.5,1,1,0.5,0.5,0.5,0.5,0.5,1,1,0.1,0.5,0,1,,,,,,1,1,1,1,1,,1,1,1,0,1,1,,,1,1
53,0,0,0,0,0,0,0,0,0,0,0,0,0,0,0,0,0,0,0,0,0,0,0,,,,,,1,1,0,1,1,,1,0,1,1,0,1,,,1,1
54,1,1,0.5,1,0.5,1,1,1,0.5,0.5,1,1,1,1,0.5,0.5,1,1,1,0.1,1,1,1,,,,,,1,1,1,1,1,,1,1,1,1,1,1,,,1,1
55,1,1,0,1,0.5,1,1,1,0.5,0.5,1,1,0.5,1,0.5,0.5,1,1,1,0.1,1,1,1,,,,,,1,1,1,1,1,,1,1,1,1,1,1,,,1,1
56,1,1,0.5,0.5,0.5,1,1,1,0.5,0.5,1,1,0.5,1,0.5,0.5,1,0.5,1,0.05,0.5,1,1,,,,,,1,1,1,1,1,,1,1,1,1,1,1,,,1,1
57,1,1,0.5,1,0.5,1,1,1,0.5,0.5,1,1,1,1,0.5,0.5,1,1,1,0.1,1,1,1,,,,,,1,1,1,1,1,,1,1,1,1,1,1,,,1,1
58,1,1,0.5,1,0.5,0,1,1,0.5,0.5,1,1,1,1,0.5,0.5,1,1,1,0.1,1,1,1,,,,,,1,1,1,1,1,,1,1,1,1,1,1,,,1,1
59,1,1,0.5,1,0.5,1,0.5,0,0,0.5,1,1,1,0.5,0.5,0.5,1,1,1,0,0,1,1,,,,,,0,1,1,1,1,,1,1,1,0,1,0,,,1,1
60,1,1,0,0,0.5,1,1,1,0.5,0.5,0,1,0,0.5,0,0,0,1,0,0,0,0,0,,,,,,0,1,1,1,1,,1,0,1,1,0,0,,,0,0
61,1,1,0.5,1,0.5,1,1,1,0.5,0.5,1,1,1,1,0.5,0.5,1,1,1,0.1,0.5,1,1,,,,,,1,1,1,1,1,,1,1,1,1,1,1,,,1,1
62,1,1,0.5,1,0.5,0.5,1,1,0.5,0.5,1,1,0.5,1,0.5,0.5,1,1,1,0.1,0.5,1,0.5,,,,,,1,1,1,1,1,,1,1,1,1,1,1,,,1,1
63,1,1,0.5,1,0.5,1,1,1,0.5,0.5,0,1,1,1,0.5,0.5,1,1,1,0.1,1,1,1,,,,,,1,1,1,1,1,,1,1,1,1,0,1,,,1,1
64,1,1,0,0.5,0.5,1,1,1,0.5,0,1,1,0.5,1,0.5,0.5,1,1,1,0.1,1,1,0.5,,,,,,1,1,1,1,1,,1,1,0,1,1,1,,,1,1
65,1,1,0.5,1,0.5,1,1,1,0.5,0.5,1,1,1,0.5,0.5,0.5,1,1,1,0.1,1,1,1,,,,,,1,1,1,1,1,,1,1,0,1,1,1,,,1,1
66,1,1,0.5,1,0.5,1,1,1,0.5,0.5,1,1,1,1,0.5,0.5,1,1,1,0.1,1,0.5,1,,,,,,1,1,1,1,1,,1,1,1,1,1,1,,,1,1
67,0.5,1,0.5,1,0.5,1,1,1,0.5,0.5,1,1,1,1,0.5,0.5,1,1,1,0.1,1,1,1,,,,,,1,1,1,0,1,,1,1,1,0,1,0,,,1,1
68,1,1,0.5,1,0.5,1,1,1,0.5,0.5,1,1,1,1,0.5,0.5,1,1,1,0.1,1,1,1,,,,,,1,1,1,1,1,,1,1,1,1,1,1,,,1,1
69,1,1,0.5,1,0.5,1,1,1,0.5,0.5,1,1,1,1,0.5,0.5,1,1,1,0.1,1,1,1,,,,,,1,1,1,1,1,,1,1,0,1,1,0,,,1,1
70,1,0.5,0.5,1,0.5,1,1,1,0.5,0.5,1,1,0.5,1,0.5,0.5,1,1,1,0.1,1,1,0,,,,,,1,1,1,1,1,,1,1,1,1,1,1,,,1,1
71,0,0,0,0,0,0,0,0,0,0,0,0,0,0,0,0,0,0,0,0,0,0,0,,,,,,0,0,0,0,0,,0,0,0,0,0,0,,,0,0
72,1,1,0.5,1,0.5,1,1,0,0,0.5,0,1,1,1,0,0.5,0,0,0.5,0,1,1,0,,,,,,1,1,1,1,1,,1,1,1,1,1,0,,,1,1
73,1,1,0.5,1,0.5,1,1,1,0.5,0.5,1,1,1,1,0.5,0.5,1,1,1,0.1,0.5,1,1,,,,,,1,1,1,1,1,,1,1,1,1,1,1,,,1,1
74,0,0,0,0,0.5,0,0.5,0.5,0.5,0,1,1,0,1,0.5,0,1,1,0,0.1,1,0,1,,,,,,0,0,0,0,0,,1,1,1,1,0,1,,,1,1
75,0.5,1,0.5,0.5,0,1,0.5,1,0.5,0,1,0.5,0.5,1,0,0,0.5,0,0,0,0,0,0,,,,,,1,1,0,1,1,,0,0,1,1,0,0,,,0,0
76,1,1,0.5,1,0.5,1,1,1,0.5,0.5,1,1,1,1,0.5,0.5,1,1,1,0.1,1,1,1,,,,,,1,1,1,1,1,,1,1,1,1,1,1,,,1,1
77,0,0,0.5,1,0.5,0,0.5,1,0.5,0.5,1,1,1,1,0.5,0.5,1,1,1,0,1,1,1,,,,,,1,1,1,1,1,,1,1,0,1,0,1,,,1,1
78,0.5,0.5,0.5,1,0.5,1,0.5,1,0.5,0.5,1,1,1,1,0.5,0.5,0,0.5,0.5,0.1,1,1,0.5,,,,,,1,1,1,1,1,,1,1,1,1,1,0,,,1,0
79,1,1,0.5,1,0,1,1,1,0.5,0,1,1,1,1,0,0.5,1,0.5,0.5,0.1,0.5,0.5,1,,,,,,1,1,1,1,1,,1,1,0.5,1,1,1,,,1,0.5
80,1,1,0.5,1,0.5,1,1,1,0.5,0.5,1,1,1,1,0.5,0.5,1,1,1,0.1,1,1,1,,,,,,0,1,1,1,1,,1,1,1,1,1,1,,,1,1
81,1,1,0.5,1,0.5,1,1,1,0.5,0.5,1,1,1,1,0.5,0.5,1,1,1,0.1,1,1,1,,,,,,1,1,1,1,1,,1,1,1,1,1,1,,,1,1
82,1,1,0.5,1,0.5,1,1,1,0.5,0.5,1,1,1,1,0.5,0.5,1,1,0.5,0.1,1,1,1,,,,,,1,1,1,1,1,,1,1,1,1,0,1,,,1,1
83,1,1,0.5,1,0.5,1,1,1,0.5,0.5,1,1,1,1,0,0.5,0,0,1,0.1,1,1,1,,,,,,1,1,0,1,1,,0,0,1,1,1,1,,,1,1
84,1,1,0.5,1,0.5,1,1,1,0.5,0.5,1,1,1,1,0.5,0.5,1,1,1,0.1,1,1,1,,,,,,1,1,1,1,1,,1,1,1,1,1,1,,,1,1
85,1,1,0.5,1,0.5,1,1,1,0.5,0.5,1,1,1,1,0.5,0.5,0.5,1,1,0.05,1,1,0,,,,,,1,1,1,1,1,,1,0,1,0,1,1,,,0,1
86,1,1,0.5,1,0.5,1,1,0.5,0.5,0.5,1,1,1,1,0.5,0.5,1,1,1,0.1,0,1,1,,,,,,1,1,1,1,1,,1,1,1,1,1,1,,,1,1
87,1,1,0.5,1,0.5,1,1,1,0.5,0.5,1,1,1,1,0.5,0.5,1,1,1,0.1,0.5,1,0.5,,,,,,1,1,0,1,1,,1,1,1,1,1,1,,,1,1
88,1,1,0.5,1,0.5,1,1,1,0.5,0.5,1,1,1,1,0.5,0.5,0.5,1,1,0.1,1,1,1,,,,,,1,1,1,1,1,,1,1,1,1,1,1,,,1,1
89,1,1,0.5,0,0,1,0,0.5,0,0.5,1,1,0.5,0.5,0.5,0.5,0.5,0.5,0.5,0.1,0.5,1,0.5,,,,,,1,1,1,1,1,,1,0,1,0,0,1,,,0,0
90,1,1,0.5,0.5,0.5,1,1,1,0.5,0.5,1,1,1,1,0.5,0.5,1,1,1,0.1,1,1,1,,,,,,1,1,1,1,1,,1,1,1,1,1,1,,,0.5,1
91,1,1,0.5,1,0,0.5,1,1,0.5,0.5,1,1,1,1,0,0.5,1,1,1,0.1,1,0.5,1,,,,,,1,1,1,1,1,,1,1,1,1,1,1,,,1,1
92,1,1,0.5,1,0.5,1,1,1,0.5,0.5,1,1,1,1,0.5,0.5,1,1,1,0,0.5,1,1,,,,,,1,1,1,1,1,,0,0,0,0,0,0,,,0,0
93,1,1,0.5,1,0.5,1,1,1,0.5,0.5,1,1,1,1,0.5,0.5,1,1,1,0.1,1,1,1,,,,,,1,1,1,1,1,,1,1,1,1,1,1,,,1,1
94,1,1,0.5,1,0.5,1,1,1,0.5,0.5,1,1,1,1,0.5,0.5,1,1,1,0.1,1,1,1,,,,,,1,1,1,1,1,,1,1,1,1,0,1,,,0,1
95,0,0,0,0,0,0,0,0,0,0,0,0,0,0,0,0,0,0,0,0,0,0,0,,,,,,0,0,0,0,0,,0,0,0,0,0,0,,,0,0
96,1,1,0.5,1,0.5,1,0,1,0,0.5,1,1,1,1,0.5,0.5,0,1,1,0.1,1,1,1,,,,,,1,1,1,1,1,,1,1,1,1,1,0.5,,,0.5,0.5
97,1,1,0.5,1,0.5,1,1,1,0.5,0.5,1,1,1,0.5,0.5,0.5,1,1,1,0.1,1,1,1,,,,,,1,1,1,1,1,,1,0.5,1,1,1,1,,,1,1
98,1,1,0.5,1,0.5,1,1,1,0.5,0.5,1,1,1,1,0.5,0.5,1,1,1,0.1,1,1,1,,,,,,1,1,1,1,1,,0,1,1,1,1,1,,,1,1
F23.01,1,1,1,0.5,1,1,1,1,1,1,1,1,1,1,0.75,1,1,1,1,1,1,1,1,1,0,1,1,0,1,1,1,1,1,1,1,1,1,1,1,1,1,,1,1
F23.02,1,1,1,0,1,0,0,0,1,1,1,1,1,0,1,1,0,1,1,0,1,0.8,1,1,0,1,1,0,1,1,1,1,1,1,1,0,1,1,1,1,1,,1,1
F23.03,1,0.666666667,1,1,1,0.666666667,0.5,1,1,0.5,1,1,0.666666667,0.5,0.75,1,0.666666667,1,1,1,0.666666667,0.8,1,1,1,1,1,0.818181818,1,1,1,1,1,1,1,1,1,1,1,1,1,,1,1
F23.04,1,1,1,1,1,1,0.5,1,0.5,0.5,1,1,1,0.5,1,1,1,1,1,0.5,1,1,1,1,1,1,0.833333333,0,1,1,1,1,1,1,1,1,1,1,1,0.3,1,,1,1
F23.05,1,1,1,0.5,1,1,1,1,1,1,1,1,1,1,0,1,1,1,0,0,1,1,0,0.75,0,1,0.833333333,0.636363636,1,1,1,1,1,1,1,1,1,1,0,1,1,,1,1
F23.06,1,1,1,1,1,1,1,1,1,1,1,1,1,1,1,1,1,1,1,1,1,1,1,1,1,1,1,1,1,1,1,1,1,1,1,1,1,1,1,1,1,,0,0
F23.07,1,1,1,1,1,1,1,1,1,1,1,1,1,1,0.75,1,1,1,1,1,1,1,1,1,1,1,1,1,1,1,1,1,1,1,1,0,1,0,1,0.3,1,,1,1
F23.08,1,1,1,1,1,1,1,1,1,1,1,1,1,1,1,1,1,1,1,1,1,1,1,0.75,1,1,1,1,1,1,1,1,1,1,1,1,1,1,1,1,1,,1,1
F23.09,1,1,1,1,1,0.666666667,0.5,1,0,0.5,1,1,1,1,1,1,0.666666667,1,0.666666667,0.5,1,1,1,0.75,0,1,0.833333333,0,1,1,1,1,0,1,0,1,0,1,1,1,1,,0,1
F23.10,0,0,0.666666667,0.5,0.333333333,0.666666667,0.5,0,0.5,1,1,1,1,1,0.75,0,1,1,1,0,1,0,0.5,0,1,0,0.833333333,0,,1,1,1,1,1,1,1,1,1,1,0,1,,0.5,0
F23.11,1,1,1,0,0.666666667,1,1,1,0.5,1,1,1,1,1,0.75,1,1,0.5,1,1,1,1,1,1,1,1,0.833333333,0,1,1,0,1,1,1,1,1,1,0,1,0,1,,1,1
F23.12,1,1,0,1,1,1,0.5,1,1,0,1,1,1,1,1,1,1,1,1,1,1,0.8,0,0,0.666666667,0.666666667,1,0,1,0,1,1,1,1,1,1,0.75,0,0,1,1,,1,1
F23.13,1,1,0.666666667,1,0.333333333,1,0.5,1,1,0.5,1,0.666666667,1,1,0,1,1,1,1,1,0.666666667,0.8,1,0,0,0,0,0,1,1,1,1,0,1,1,1,1,1,1,0,1,,0,0
F23.14,1,1,1,1,1,1,1,1,1,1,1,1,1,1,1,1,1,1,1,1,1,1,1,1,1,1,1,1,1,1,1,1,1,1,1,1,1,1,1,1,1,,1,1
F23.15,1,1,1,1,1,1,1,1,1,1,1,1,1,1,1,1,1,1,1,1,1,1,1,0.5,1,1,1,1,1,1,1,1,1,1,1,1,1,1,1,1,1,,1,1
F23.16,1,1,1,1,1,1,1,1,1,1,0.666666667,1,1,1,0.75,0,1,1,1,1,0.666666667,0,1,1,1,1,1,1,0,1,1,1,1,1,1,1,1,1,1,0,1,,1,1
F23.17,1,1,1,0,1,1,0,1,1,1,0,1,1,1,1,1,0.666666667,1,0,1,1,1,1,0.5,1,0.333333333,0.166666667,0,0,1,0,1,1,1,0,1,0,1,1,0,1,,1,0
F23.18,1,1,1,0,1,1,1,1,1,1,1,1,1,1,1,1,1,0,1,1,1,1,1,1,1,1,1,0,1,1,0,1,1,1,1,1,1,1,0,1,1,,1,0
F23.19,1,1,0,0,1,1,1,1,1,1,1,1,1,0,0.75,1,1,0.5,1,1,1,0.8,1,1,1,1,1,0.727272727,1,1,0,1,1,1,1,0,1,1,1,1,1,,1,1
F23.20,1,1,1,0,1,0,0,0,1,0,1,0,1,1,1,0,0,1,1,1,1,1,1,0,0,0,1,1,1,1,1,1,1,1,1,1,1,1,1,1,1,,0,1
F23.21,1,1,1,1,1,1,1,1,0,1,1,1,1,1,1,1,1,1,1,1,1,1,1,1,0,0.333333333,0,0,1,1,1,1,1,1,0,1,1,1,1,1,1,,0,0
F23.22,1,1,0.666666667,0.5,1,0.666666667,0.5,1,0.5,1,1,0.333333333,1,0.5,1,1,0,0,0,0.5,0,0.6,0,0.75,0,1,0,0,1,1,1,1,1,1,0,1,1,1,1,0,0,,0,0
F23.23,1,1,1,1,1,1,1,1,0,1,1,1,1,1,1,1,1,1,1,1,1,1,1,1,1,1,1,1,1,1,1,1,1,1,1,1,1,1,1,1,1,,1,1
F23.24,1,1,1,1,1,1,1,1,1,1,1,1,1,1,1,1,1,1,1,1,1,1,1,1,1,1,1,1,1,1,1,1,1,1,1,1,1,1,1,1,1,,1,1
F23.25,1,1,1,1,1,1,1,1,1,1,1,1,1,1,1,1,1,1,1,1,1,1,1,1,1,1,1,1,1,1,1,1,1,1,1,1,1,1,1,1,1,,1,1
F23.26,0,0,1,1,1,1,0.5,1,1,1,1,1,1,1,1,1,1,1,0.666666667,0,1,1,0,0,1,0,0.666666667,0.909090909,1,1,1,1,1,1,1,1,1,1,0,1,1,,1,1
F23.27,1,1,1,1,1,1,1,1,1,1,1,1,0.666666667,1,1,0,1,1,1,1,1,1,0.5,0.75,1,1,0.833333333,0.818181818,1,1,1,1,1,1,1,1,1,1,0,1,1,,1,1
F23.28,1,1,1,1,1,0,0.5,1,1,1,1,1,1,1,1,0,0.666666667,1,0,0,0.666666667,0.8,0.5,0.5,0,0,0,0,1,1,1,1,1,1,1,1,1,1,0,0,0,,0,0
F23.29,1,1,1,1,1,1,1,1,1,1,1,1,1,1,1,0.5,1,1,1,0,1,1,1,1,1,1,0.833333333,1,1,1,1,1,1,1,1,1,1,1,1,1,1,,1,1
F23.30,1,1,0.666666667,0.5,1,0.333333333,1,1,0.5,1,0,0,0,0,0,0,0,1,0,1,0.666666667,0,0,0.25,0.333333333,0,0,0,1,0,1,1,1,1,1,0,0,1,1,1,1,,0,0
F23.31,1,1,1,1,0.666666667,1,1,1,1,1,1,1,1,1,1,1,1,1,1,1,1,1,1,1,1,1,1,1,1,1,1,1,1,1,1,1,1,1,1,1,1,,1,1
F23.32,1,1,1,1,1,1,1,1,1,1,1,1,1,1,1,1,1,1,1,1,0,1,1,1,1,1,1,1,1,1,1,1,1,1,1,1,1,1,1,1,1,,0,1
F23.33,1,1,1,1,0.666666667,0.666666667,0.5,1,1,1,1,1,1,0.5,1,0,1,1,1,0.5,0.666666667,1,1,0.5,1,1,1,0.909090909,1,1,0,1,1,1,1,1,0.75,1,1,1,1,,1,1
F23.34,0,0,1,1,1,0.666666667,0,0,0,1,0,1,0.666666667,1,1,1,0,1,0,1,0,0,0,0,0,0,0,0,1,0,1,1,0,0,1,0,0.5,0,0,0,0,,0,0
F23.35,1,1,1,1,1,1,1,1,1,1,1,1,1,1,1,1,1,1,1,1,1,1,1,1,1,1,1,1,1,1,0,1,1,1,1,1,1,1,1,1,1,,1,1
F23.36,1,1,1,1,1,1,1,1,1,1,1,1,1,1,1,1,1,0.5,1,1,1,1,1,1,1,1,1,0.909090909,1,1,1,1,1,1,1,1,1,1,1,0,1,,1,1
F23.37,1,1,0.666666667,1,1,1,1,1,1,1,1,1,1,1,1,1,1,1,1,1,1,0.8,0.5,0.25,1,1,1,1,1,1,1,1,1,1,1,0,1,0,1,0,1,,0,0
F23.38,1,1,1,1,1,1,1,1,1,1,1,1,1,1,1,1,0.666666667,1,0,1,1,1,1,0,0,1,0,0,1,1,1,1,1,1,1,1,1,1,0,1,1,,0,1
F23.39,1,1,1,1,1,1,0,1,0,1,1,0,1,1,0.75,1,1,1,1,1,0.666666667,1,0,0,1,1,0,1,1,0,1,1,1,1,1,1,1,1,1,1,1,,1,1
F23.40,1,1,1,0.5,0,0.666666667,1,1,0,1,1,0.333333333,0.333333333,1,0.5,1,0.666666667,1,1,0,0,0.4,1,0.75,1,1,1,0,1,1,1,1,1,1,0,1,1,0,1,0,1,,1,1
F23.41,1,1,0.666666667,1,1,1,0.5,1,0.5,0.5,1,0.666666667,1,1,0.5,1,1,1,1,1,1,1,1,0.75,1,1,1,1,1,1,1,1,1,1,1,1,1,1,0,1,1,,0,1
F23.42,1,1,1,1,1,1,1,1,1,1,1,1,1,1,1,1,1,1,1,1,1,1,0.5,1,1,1,0.666666667,1,1,1,1,1,1,1,1,1,1,1,1,1,1,,0,1
F23.43,1,1,1,1,1,1,1,1,1,1,1,1,1,1,1,1,1,1,1,1,1,1,1,0.75,1,1,1,1,1,1,1,1,1,1,1,1,1,1,1,1,1,,1,1
F23.44,1,1,0.666666667,1,0.666666667,1,1,1,0.5,1,1,1,1,0.5,0.75,1,0,1,0.666666667,1,0.666666667,0,1,0.25,0.666666667,0.333333333,1,0,1,1,1,1,1,1,1,1,1,1,1,1,1,,0,0.5
F23.45,1,1,1,1,1,1,1,1,1,1,1,1,1,1,0,1,1,1,1,1,1,1,1,1,1,1,1,0,1,1,1,1,1,1,0,1,1,1,0,1,1,,1,0
F23.46,1,0.666666667,0.666666667,1,1,1,1,0.5,1,1,0.666666667,1,1,1,1,1,1,1,1,1,1,1,1,1,1,1,1,1,1,0,1,1,1,1,1,1,1,1,0,1,1,,1,1
F23.47,1,0,1,0,1,0,0,1,0,1,0,0,0.666666667,1,0,0,0.666666667,1,1,1,1,0.4,0,0,1,0.666666667,0.166666667,0,1,0,1,0,1,1,1,0,1,1,1,1,1,,0,0
F23.48,1,1,0,1,0,0,0.5,0,0.5,1,0,0.666666667,0.666666667,1,1,1,0,0,0,1,0,0,0,0,0,0,0.833333333,0.909090909,0,1,0,0,0.5,1,0,1,1,1,0,0,1,,0.75,1
F23.49,1,1,1,1,1,0.666666667,0.5,0,0,0,1,1,0.666666667,0.5,1,1,1,0,0,0,0,0,0,0,0,0,0,0,1,1,1,1,1,1,1,1,0,0,0,0,0,,0,0
F23.50,1,1,0,0,0.333333333,0.666666667,1,1,1,0,1,0.333333333,0,1,0.75,0,0,1,0.666666667,0.5,0.666666667,0,1,0,0,0.666666667,0,0,1,0,0,1,1,1,1,1,1,0,1,1,1,,1,1
F23.51,1,1,1,1,1,1,1,1,1,1,1,1,1,1,1,0,0,1,0,0,0,0,0,0,1,1,1,1,1,1,1,1,1,1,1,1,1,1,0,0,0,,0,1
F23.52,1,1,1,1,1,1,1,1,0.5,1,1,1,1,1,0.5,1,1,1,1,1,1,1,1,1,1,1,1,1,1,1,1,1,1,1,1,1,1,1,1,1,1,,1,1
F23.53,1,1,1,1,1,1,1,1,1,1,1,1,1,1,1,1,1,1,1,1,1,1,1,1,1,1,1,1,1,1,1,1,1,1,1,1,1,1,1,1,1,,1,1
F23.54,0,0,0.666666667,1,1,0.666666667,0.5,0,0.5,0,0,0.333333333,0,0,1,0.5,1,1,1,1,0,0.2,0.5,0.25,0.333333333,1,0.833333333,0.818181818,,1,1,1,0,1,1,1,1,1,0,1,1,,0.5,0
F23.55,1,1,1,1,0.666666667,1,1,1,0.5,1,1,1,1,0.5,1,1,1,1,1,1,1,1,1,1,0.666666667,1,1,1,1,1,1,1,1,1,1,1,1,0,1,0.9,1,,0,1
F23.56,1,1,1,1,1,1,1,1,1,0,1,1,0,0,0,0,1,1,,,1,0,0,0,0,0,0,1,1,1,1,1,1,1,1,1,0,1,,1,1,,1,1
F23.57,1,1,1,0,1,1,1,1,1,1,1,0,1,1,0.75,1,1,1,0,1,0.666666667,1,1,0,0,0,0,0,1,1,1,1,0,1,0,0,0,0,0,0,1,,0,0
F23.58,1,1,1,1,1,1,1,1,1,1,1,1,1,1,0.75,1,1,1,1,1,1,1,1,1,1,1,1,1,1,1,1,1,1,1,1,1,1,1,1,1,1,,1,1
F23.59,1,1,1,1,1,1,1,1,1,1,1,1,1,1,1,1,1,0,1,1,1,1,1,0,1,1,1,1,1,1,1,1,1,1,1,1,1,1,1,1,1,,1,1
F23.60,1,1,1,1,1,1,1,1,1,0,1,1,1,1,1,1,1,0,0.666666667,0,1,1,0.5,0.5,1,1,0,1,1,1,1,1,1,1,1,1,1,1,1,1,1,,1,1
F23.61,1,1,1,0,1,1,1,1,1,1,1,1,1,1,0.75,1,1,1,1,1,1,0,1,1,1,1,1,1,1,1,0,1,1,1,1,1,1,1,1,1,1,,1,1
F23.62,1,1,1,1,1,1,1,1,1,1,1,1,1,1,1,1,1,1,1,1,1,1,1,0,1,1,1,0.909090909,1,1,1,1,0.5,1,1,1,1,1,0,1,1,,1,0
F23.63,1,1,1,1,1,1,1,0,1,1,1,1,1,1,1,0,1,1,1,1,1,1,1,1,1,1,0.833333333,1,1,1,1,1,1,1,1,1,1,1,1,1,1,,1,0
F23.64,1,1,1,1,1,1,1,0,1,1,1,1,1,1,1,1,1,1,1,1,1,1,1,1,1,1,1,1,1,1,1,1,1,1,1,1,1,1,1,0.3,1,,1,1
F23.65,1,1,0,1,1,1,1,1,1,1,1,1,1,1,1,1,1,1,1,1,1,1,1,1,1,1,0.833333333,1,1,1,1,1,1,1,1,1,1,1,1,0,1,,1,1
F23.66,1,1,1,1,1,1,1,0.5,0.5,1,1,1,1,0.5,1,1,1,1,1,1,1,1,1,1,0.666666667,1,1,1,1,1,1,1,1,1,1,1,1,1,1,1,1,,1,0
F23.67,1,1,1,1,1,1,0.5,1,1,1,1,1,1,1,0.75,1,1,1,1,1,1,0.8,1,1,1,1,1,0,1,1,1,1,1,1,1,1,1,1,1,1,1,,1,1
F23.68,1,1,1,1,1,1,1,0,0.5,1,1,1,1,1,0.75,1,1,1,1,1,1,1,0.5,1,0.666666667,1,1,1,1,1,1,1,1,1,1,1,1,1,1,0,1,,1,1
F23.69,0,0.666666667,1,1,1,0.666666667,1,1,1,0,0.666666667,0,0,0.5,0.75,1,0.666666667,0,0.666666667,1,1,0,1,0,1,0.666666667,1,0.727272727,1,1,1,1,1,1,1,1,1,1,1,1,1,,1,1
F23.70,1,1,1,1,1,1,0.5,1,0,1,1,1,1,1,1,1,1,1,1,1,1,1,1,1,1,1,1,0,1,1,1,1,1,1,1,1,1,1,1,1,1,,0,1
F23.71,1,1,1,1,1,1,1,1,0,0,1,1,1,1,1,1,1,1,1,1,1,1,1,1,1,1,1,1,1,1,1,1,1,1,1,1,1,1,1,1,1,,1,1
F23.72,1,1,1,1,1,1,1,1,1,1,1,1,1,1,1,1,1,1,1,1,1,0.2,1,0,1,1,1,1,1,1,1,1,1,1,1,1,1,1,1,1,1,,1,1
F23.73,1,1,1,1,1,0.333333333,1,1,1,1,1,1,1,1,1,1,1,1,1,1,1,1,1,1,1,1,1,1,1,1,0,1,1,1,1,1,1,1,1,1,1,,1,1
F23.74,1,1,1,1,1,1,1,1,1,1,1,1,1,1,1,1,1,1,1,1,1,1,1,1,1,1,1,1,1,1,1,1,1,1,1,1,1,1,1,0,1,,1,1
F23.75,1,1,0.666666667,1,0.666666667,1,0.5,0.5,0.5,1,0,1,0,0.5,1,1,0,0,1,1,0,0,0,0,0,0.666666667,0,0,0,0,0,1,1,1,1,1,1,1,1,1,1,,0,1
F23.76,1,1,1,1,1,1,1,1,0.5,1,1,1,1,1,1,1,1,1,1,1,1,1,1,1,1,1,1,1,1,1,1,1,1,1,1,1,1,1,1,1,1,,1,1
F23.77,0,0,0,1,1,1,0.5,1,1,1,1,1,1,0,1,1,1,1,1,1,1,0,0,1,1,0,0,1,,1,1,1,1,1,1,1,1,1,0,1,1,,1,0
F23.78,1,1,1,1,1,0.666666667,0.5,1,1,1,1,1,1,0,0.75,1,1,1,1,1,1,1,1,0,0.666666667,1,0,1,1,1,1,1,1,1,1,1,1,1,1,1,1,,0,1
F23.79,1,1,1,0,1,1,0.5,0.5,0.5,0,1,1,1,1,1,0,0,1,0.666666667,0,0.666666667,0.4,1,1,0.666666667,0,0.666666667,0.727272727,1,1,1,1,1,1,1,1,1,1,1,0,1,,1,1
F23.80,0,0,0.666666667,1,1,1,0.5,1,0.5,1,1,0.666666667,0.666666667,1,1,1,1,1,1,1,1,1,1,1,1,1,1,0.818181818,1,1,1,1,1,1,1,1,1,1,1,1,1,,0,0
F23.81,1,1,1,1,1,1,1,1,1,1,1,1,1,1,1,1,1,1,1,1,1,0.8,1,0,1,1,1,0,1,1,1,1,1,1,1,1,0,1,1,1,1,,1,1
F23.82,1,1,1,1,1,1,1,1,1,1,1,0.666666667,1,1,1,1,1,1,1,1,1,1,1,1,1,1,1,0,1,1,1,1,1,1,1,1,1,1,1,1,1,,1,0
F23.83,1,1,1,1,1,1,1,1,1,1,1,1,1,1,1,1,1,1,1,1,1,1,1,1,1,0.666666667,0.833333333,1,1,1,1,1,1,1,1,1,1,1,1,0,1,,1,1
F23.84,1,1,0,0.5,1,0.666666667,1,1,1,1,1,1,1,1,0.75,1,0.666666667,1,1,1,0,1,1,1,1,1,1,1,1,1,1,1,1,1,1,0,1,0,1,0,1,,0,1
F23.85,1,1,1,1,1,1,1,0,0.5,1,1,1,1,1,1,0,1,1,1,1,1,1,1,1,1,1,1,0,1,1,1,1,1,1,0,1,1,1,1,1,1,,0,1
F23.86,1,1,1,1,1,1,1,1,0,0,0,0,0,0.5,0.75,1,0,0,0,0,1,0,0,0,0,1,1,0,1,1,0,1,0,1,0,1,0,1,0,1,0,,0,0
F23.87,0,0,0.666666667,1,0.666666667,0.666666667,0.5,1,1,1,1,1,1,1,1,1,1,1,1,0.5,1,1,0.5,1,1,0.666666667,1,1,1,1,1,1,1,1,1,1,1,1,1,1,1,,1,1
F23.88,0,1,0.666666667,0.5,1,0.666666667,0,1,1,0.5,1,1,0,0,0.75,1,0.666666667,0.5,0.666666667,0.5,1,0.8,0.5,0.75,0,0,0,0,1,1,1,1,1,1,1,1,1,1,1,1,1,,1,1
F23.89,1,1,1,1,1,1,1,1,1,1,1,1,1,1,1,1,1,1,1,1,1,1,1,1,1,1,1,1,1,1,1,1,1,1,1,1,1,1,1,1,1,,1,1
F23.90,1,1,1,1,1,1,1,1,1,1,1,1,1,1,1,1,1,0.5,0.666666667,1,1,1,1,1,0.666666667,1,1,1,1,1,1,1,1,1,1,1,1,1,1,0,1,,1,1
F23.91,1,1,1,1,1,1,1,1,1,1,1,1,1,1,1,1,1,0,1,1,1,1,1,1,1,0,1,1,1,1,1,1,1,1,1,1,1,1,0,1,1,,1,1
F23.92,1,1,1,1,1,1,1,1,1,1,1,1,1,1,1,1,1,1,1,1,1,0.6,1,1,1,1,1,1,1,1,1,1,1,1,1,1,1,1,1,1,1,,1,1
F23.93,1,0.666666667,1,1,0.666666667,0.666666667,0.5,1,0.5,0,0.666666667,0.666666667,0,1,0,1,0.666666667,0,1,0,0,0.8,0.5,0,1,1,0,0,1,1,1,1,1,1,0,1,1,0,1,1,1,,1,0
F23.94,1,1,1,1,1,1,1,1,1,1,1,1,1,1,1,1,1,1,1,1,1,1,1,1,1,1,0.833333333,1,1,1,1,1,1,1,1,1,1,1,1,1,1,,1,1
F23.95,1,1,1,1,1,1,1,1,1,1,1,1,1,0.5,1,1,1,1,1,1,1,1,1,1,0,0,0,0,0,1,1,1,1,1,1,1,1,1,1,1,1,,0,0
F23.96,0,0,0,1,0.666666667,1,1,1,1,1,1,1,1,1,1,1,1,1,1,1,1,1,1,1,1,0.333333333,1,0.909090909,1,1,1,1,1,1,1,1,0,1,1,1,1,,0,1
F23.97,0,0,0.666666667,1,1,1,1,1,1,0.5,1,0,1,0,0.75,0,1,1,1,0,0.666666667,0,0,0,0,0,0,0,,0,1,1,1,1,0,0,0,1,0,0,0,,0,0
F23.98,1,1,1,1,1,1,1,1,1,1,1,1,1,1,1,1,1,1,1,1,1,1,1,1,1,1,0.666666667,1,1,1,1,1,1,1,1,1,1,1,1,1,1,,1,1
F23.99,1,1,1,1,1,1,1,1,1,1,1,1,1,1,1,1,1,1,1,1,1,1,1,1,1,1,0.666666667,1,1,1,1,1,1,1,1,1,1,1,1,1,1,,1,1
F23.100,1,1,1,1,1,1,1,1,1,1,1,1,1,1,1,1,1,1,1,1,1,1,1,1,1,1,1,1,1,1,1,1,1,1,1,1,1,1,0,1,1,,1,1
F23.101,1,1,1,1,0.666666667,1,1,1,1,1,1,1,1,1,1,1,1,1,1,1,0.666666667,0.8,1,1,1,1,1,1,1,1,1,1,1,1,1,1,1,1,1,1,1,,1,1
F23.102,1,1,1,1,1,1,0.5,1,1,1,1,1,0.666666667,1,0.75,1,0.666666667,1,1,1,1,0.8,1,1,1,0.333333333,1,0.636363636,1,1,1,1,1,1,1,1,1,0,1,0,1,,0,1
F23.103,1,1,1,1,1,1,1,1,0,0,1,1,1,0.5,1,1,1,1,1,1,1,0.6,1,1,1,1,1,1,1,1,1,1,1,1,1,0,0,1,1,0,1,,1,1
F23.104,1,1,1,1,1,0,1,1,1,1,1,1,1,1,0.75,0,0.666666667,1,1,0,1,1,0,0.75,1,1,0.833333333,0.909090909,1,0,1,1,1,1,1,0,1,0,1,1,1,,0,1
F23.105,0,0,1,1,1,1,1,1,1,1,1,1,1,1,1,1,1,1,1,1,1,1,1,1,1,1,1,1,1,1,1,1,1,1,1,1,1,1,1,1,1,,1,1
F23.106,1,1,1,1,1,1,1,1,1,0.5,1,0.666666667,1,1,0.5,1,0.666666667,1,1,0.5,1,0.4,1,0.25,1,1,0.666666667,0.727272727,1,1,1,1,1,1,1,1,0,1,1,1,1,,1,1
F23.107,1,1,1,1,1,1,1,1,1,1,1,1,1,1,1,1,1,1,1,1,1,1,1,1,1,1,1,1,1,1,1,1,1,1,1,1,1,1,1,1,1,,1,1
F23.108,1,1,1,1,1,1,1,1,1,1,1,1,1,1,1,1,1,1,1,1,1,1,1,1,1,1,0.833333333,0.909090909,1,1,1,1,1,1,1,1,1,0,1,1,1,,1,1
F23.109,0,0,0.666666667,1,1,1,1,1,0,0.5,1,1,1,0,1,1,1,1,1,1,1,0,0.5,0,0,0,0,0,1,1,0,1,1,1,1,1,1,1,0,1,0,,0,0
F23.110,1,1,1,1,1,1,1,1,1,1,1,1,1,1,1,1,1,1,1,1,1,1,1,1,1,1,1,1,1,1,1,1,1,1,1,1,1,1,1,1,1,,1,1
F23.111,1,1,1,1,1,1,1,1,1,1,1,1,1,1,1,1,1,1,1,1,1,1,0.5,0,1,1,1,1,1,1,1,1,1,1,1,1,1,1,1,1,1,,1,1
F23.112,1,1,0,1,1,0.666666667,1,1,0.5,0.5,1,1,1,1,1,1,1,0.5,1,1,1,1,0.5,0.75,,0,0,0,1,1,1,1,1,1,1,1,1,1,1,1,1,,,
F23.113,1,0,1,1,1,0,1,1,1,0,0,1,1,1,1,0,1,1,0,1,0,1,0,0,1,1,0.833333333,0,1,1,1,0,1,1,0,1,1,1,1,0,0,,1,0
F23.114,0,1,0.666666667,1,0.666666667,1,0.5,1,0.5,1,1,1,0,0.5,0.5,0.5,0.666666667,0,0.333333333,0,0,0,0,0,0,0,0.5,0,1,1,1,1,1,1,1,1,1,1,1,0,1,,1,1
F23.115,1,1,1,1,1,1,1,1,1,1,1,1,1,1,1,1,1,1,0,1,1,1,1,1,1,1,1,1,1,1,1,1,1,1,1,1,1,1,1,1,1,,1,1
S23.01,,1,1,1,1,1,1,1,1,1,,1,1,1,1,1,,,,,,,,,,,,,,,,,,,,,,,,,,,,
S23.02,,1,1,1,1,1,1,1,1,1,,1,1,1,1,1,,,,,,,,,,,,,,,,,,,,,,,,,,,,
S23.03,,1,1,1,1,1,1,1,1,1,,1,1,1,1,1,,,,,,,,,,,,,,,,,,,,,,,,,,,,
S23.04,,1,1,1,1,1,1,1,1,1,,1,1,1,1,1,,,,,,,,,,,,,,,,,,,,,,,,,,,,
S23.05,,1,1,1,1,1,1,1,1,1,,1,1,1,1,1,,,,,,,,,,,,,,,,,,,,,,,,,,,,
S23.06,,1,1,1,1,1,1,1,1,1,,0,1,1,1,1,,,,,,,,,,,,,,,,,,,,,,,,,,,,
S23.07,,1,1,1,1,1,1,1,0,1,,1,1,1,1,1,,,,,,,,,,,,,,,,,,,,,,,,,,,,
S23.08,,1,1,1,1,1,1,1,1,0,,1,0,1,1,1,,,,,,,,,,,,,,,,,,,,,,,,,,,,
S23.09,,1,1,1,1,1,0,1,0,0,,0,1,1,0,1,,,,,,,,,,,,,,,,,,,,,,,,,,,,
S23.10,,1,1,1,0,1,1,1,0,0,,1,1,0.8,1,1,,,,,,,,,,,,,,,,,,,,,,,,,,,,
S23.11,,1,1,1,1,1,1,1,1,1,,1,1,1,1,1,,,,,,,,,,,,,,,,,,,,,,,,,,,,
S23.12,,1,1,1,1,1,1,0.8,1,1,,0,1,0,1,1,,,,,,,,,,,,,,,,,,,,,,,,,,,,
S23.13,,1,1,1,0,1,1,1,1,1,,1,1,0,1,1,,,,,,,,,,,,,,,,,,,,,,,,,,,,
S23.14,,1,1,1,1,1,1,1,0,0,,0.8,1,1,0,1,,,,,,,,,,,,,,,,,,,,,,,,,,,,
S23.15,,1,1,1,1,1,1,1,1,1,,0,1,1,0,1,,,,,,,,,,,,,,,,,,,,,,,,,,,,
S23.16,,1,0,1,1,1,1,0,0,1,,0,1,0,0,0,,,,,,,,,,,,,,,,,,,,,,,,,,,,
S23.17,,1,1,1,1,1,1,0,1,1,,1,1,0,1,1,,,,,,,,,,,,,,,,,,,,,,,,,,,,
S23.18,,1,1,1,1,1,1,1,1,1,,1,1,1,1,1,,,,,,,,,,,,,,,,,,,,,,,,,,,,
S23.19,,1,1,1,1,1,1,1,1,1,,1,1,1,1,1,,,,,,,,,,,,,,,,,,,,,,,,,,,,
S23.20,,1,1,1,1,1,1,1,1,1,,1,1,1,1,1,,,,,,,,,,,,,,,,,,,,,,,,,,,,
S23.21,,1,1,1,1,1,1,1,1,0,,1,1,1,1,1,,,,,,,,,,,,,,,,,,,,,,,,,,,,
S23.22,,1,1,1,1,1,1,1,1,1,,1,1,1,1,1,,,,,,,,,,,,,,,,,,,,,,,,,,,,
S23.23,,1,1,1,1,1,1,1,1,1,,1,1,1,1,1,,,,,,,,,,,,,,,,,,,,,,,,,,,,
S23.24,,1,1,1,1,1,1,1,1,1,,1,1,1,1,1,,,,,,,,,,,,,,,,,,,,,,,,,,,,
S23.25,,1,1,1,1,1,1,1,0,1,,1,1,0,1,1,,,,,,,,,,,,,,,,,,,,,,,,,,,,
S23.26,,1,1,1,1,1,1,1,1,1,,1,1,1,1,1,,,,,,,,,,,,,,,,,,,,,,,,,,,,
S23.27,,1,1,1,1,1,1,1,1,1,,1,1,1,1,1,,,,,,,,,,,,,,,,,,,,,,,,,,,,
S23.28,,1,0,1,1,1,0.8,1,0.4,0,,0.4,1,1,1,1,,,,,,,,,,,,,,,,,,,,,,,,,,,,
S23.29,,1,1,1,1,1,1,1,1,1,,1,1,1,1,1,,,,,,,,,,,,,,,,,,,,,,,,,,,,
S23.30,,1,1,1,1,1,0,1,1,0,,1,1,1,0.4,1,,,,,,,,,,,,,,,,,,,,,,,,,,,,
S23.31,,1,1,1,1,1,1,0.8,1,1,,0.8,1,0,1,1,,,,,,,,,,,,,,,,,,,,,,,,,,,,
S23.32,,1,1,1,0,0,0,0,0,0,,0,0,0,0,0,,,,,,,,,,,,,,,,,,,,,,,,,,,,
S23.33,,1,1,1,1,1,1,1,1,1,,1,1,1,1,0,,,,,,,,,,,,,,,,,,,,,,,,,,,,
S23.34,,1,1,1,1,1,1,1,0.6,0,,1,1,1,0,1,,,,,,,,,,,,,,,,,,,,,,,,,,,,
S23.35,,1,1,1,1,1,0,1,1,1,,0,1,1,1,1,,,,,,,,,,,,,,,,,,,,,,,,,,,,
S23.36,,1,1,1,0,1,1,0,1,1,,0,1,1,1,0,,,,,,,,,,,,,,,,,,,,,,,,,,,,
S23.37,,1,1,0,0,1,0.8,1,0,0,,1,1,0,1,0,,,,,,,,,,,,,,,,,,,,,,,,,,,,
S23.38,,1,1,1,1,1,0,1,1,1,,1,1,0,1,1,,,,,,,,,,,,,,,,,,,,,,,,,,,,
S23.39,,1,1,1,1,1,1,1,1,1,,1,1,1,1,1,,,,,,,,,,,,,,,,,,,,,,,,,,,,
S23.40,,1,1,1,1,1,1,0,1,1,,1,1,1,1,1,,,,,,,,,,,,,,,,,,,,,,,,,,,,
S23.41,,1,1,1,1,1,1,0.8,0.6,1,,0.8,1,1,1,1,,,,,,,,,,,,,,,,,,,,,,,,,,,,
S23.42,,1,1,1,1,1,1,1,1,1,,1,1,1,1,1,,,,,,,,,,,,,,,,,,,,,,,,,,,,
S23.43,,1,1,1,1,1,1,1,1,1,,1,1,1,1,1,,,,,,,,,,,,,,,,,,,,,,,,,,,,
S23.44,,1,1,1,1,1,0,0,0,0,,0,1,0,0,0,,,,,,,,,,,,,,,,,,,,,,,,,,,,
S23.45,,1,1,1,1,1,1,0.8,1,1,,0.8,1,1,1,1,,,,,,,,,,,,,,,,,,,,,,,,,,,,
S23.46,,1,1,1,1,1,1,1,1,1,,1,1,1,1,1,,,,,,,,,,,,,,,,,,,,,,,,,,,,
S23.47,,1,1,1,0,1,1,0,1,1,,0,1,0,1,0,,,,,,,,,,,,,,,,,,,,,,,,,,,,
S23.48,,1,1,1,1,1,1,1,0,0,,1,1,1,1,0,,,,,,,,,,,,,,,,,,,,,,,,,,,,
S23.49,,1,1,1,1,1,1,1,1,1,,1,1,1,1,1,,,,,,,,,,,,,,,,,,,,,,,,,,,,
S23.50,,1,1,1,1,1,1,1,1,1,,1,1,1,1,1,,,,,,,,,,,,,,,,,,,,,,,,,,,,
S23.51,,1,1,1,1,1,1,1,1,1,,1,1,1,1,1,,,,,,,,,,,,,,,,,,,,,,,,,,,,
S23.52,,1,1,1,1,1,1,1,1,0.8,,1,1,1,1,1,,,,,,,,,,,,,,,,,,,,,,,,,,,,
S23.53,,1,1,1,1,1,1,1,1,1,,1,1,1,0,1,,,,,,,,,,,,,,,,,,,,,,,,,,,,
S23.54,,0,0,0,0,0,0,0,0,0,,0,0,0,0,0,,,,,,,,,,,,,,,,,,,,,,,,,,,,
S23.55,,1,1,1,1,1,1,1,1,1,,1,1,1,1,1,,,,,,,,,,,,,,,,,,,,,,,,,,,,
S23.56,,1,1,1,1,1,0.8,1,1,0,,1,1,1,1,1,,,,,,,,,,,,,,,,,,,,,,,,,,,,
S23.57,,1,1,1,0,1,1,1,1,1,,1,1,1,0,1,,,,,,,,,,,,,,,,,,,,,,,,,,,,
S23.58,,1,0,0,0,0,0,0,0,1,,1,1,0,1,0,,,,,,,,,,,,,,,,,,,,,,,,,,,,
S23.59,,1,1,1,1,1,1,1,1,1,,0.8,1,1,1,1,,,,,,,,,,,,,,,,,,,,,,,,,,,,
S23.60,,1,1,1,1,1,1,1,1,1,,1,1,1,0,1,,,,,,,,,,,,,,,,,,,,,,,,,,,,
S23.61,,1,0,1,0,1,1,1,1,1,,0,1,1,1,1,,,,,,,,,,,,,,,,,,,,,,,,,,,,
S23.62,,1,1,0,1,1,1,1,0,1,,1,1,1,1,1,,,,,,,,,,,,,,,,,,,,,,,,,,,,
S23.63,,1,1,1,1,1,1,1,1,0,,1,1,0,1,1,,,,,,,,,,,,,,,,,,,,,,,,,,,,
S23.64,,1,1,1,1,1,1,1,1,0,,1,1,1,0,1,,,,,,,,,,,,,,,,,,,,,,,,,,,,
S23.65,,1,1,1,1,1,1,1,1,1,,1,1,0,1,1,,,,,,,,,,,,,,,,,,,,,,,,,,,,
S23.66,,1,0,1,0,1,0,1,1,0,,0,0,0,0,0,,,,,,,,,,,,,,,,,,,,,,,,,,,,
S23.67,,1,1,1,1,1,1,1,1,1,,1,1,1,1,1,,,,,,,,,,,,,,,,,,,,,,,,,,,,
S23.68,,1,1,1,1,1,1,0,1,0,,1,1,1,0,1,,,,,,,,,,,,,,,,,,,,,,,,,,,,
S23.69,,1,1,1,1,1,1,1,1,1,,1,1,1,1,1,,,,,,,,,,,,,,,,,,,,,,,,,,,,
S23.70,,0,1,0,0,1,0,1,1,0,,1,1,1,1,1,,,,,,,,,,,,,,,,,,,,,,,,,,,,
S23.71,,1,1,1,1,1,1,1,1,0,,1,1,1,1,1,,,,,,,,,,,,,,,,,,,,,,,,,,,,
S23.72,,1,1,1,0,1,1,0,0,0,,0,1,1,0,0,,,,,,,,,,,,,,,,,,,,,,,,,,,,
S23.73,,1,1,1,1,1,1,1,1,1,,1,1,1,1,1,,,,,,,,,,,,,,,,,,,,,,,,,,,,
S23.74,,1,0,1,1,1,1,1,0,0,,1,1,1,1,1,,,,,,,,,,,,,,,,,,,,,,,,,,,,
S23.75,,1,0,1,0,1,0,0,0,0,,0,0,0,0,0,,,,,,,,,,,,,,,,,,,,,,,,,,,,
S23.76,,0,1,1,1,1,1,1,0,1,,1,1,0,0,0,,,,,,,,,,,,,,,,,,,,,,,,,,,,
S23.77,,1,1,1,1,1,1,0,0,0,,0,1,0,0,0,,,,,,,,,,,,,,,,,,,,,,,,,,,,
S23.78,,1,1,0,1,1,0,0,0,0,,0,0,0,0,0,,,,,,,,,,,,,,,,,,,,,,,,,,,,
S23.79,,1,1,1,1,1,1,1,1,1,,1,1,1,1,1,,,,,,,,,,,,,,,,,,,,,,,,,,,,
S23.80,,1,1,1,1,1,1,0,1,1,,1,1,0,1,0,,,,,,,,,,,,,,,,,,,,,,,,,,,,
S23.81,,1,1,1,1,1,1,1,1,0,,1,1,1,0,1,,,,,,,,,,,,,,,,,,,,,,,,,,,,
S23.82,,1,1,1,1,1,1,1,1,1,,1,1,1,1,1,,,,,,,,,,,,,,,,,,,,,,,,,,,,
S23.83,,1,1,1,1,1,1,1,1,1,,1,1,1,1,1,,,,,,,,,,,,,,,,,,,,,,,,,,,,
S23.84,,1,1,1,1,1,1,1,1,1,,1,1,1,1,1,,,,,,,,,,,,,,,,,,,,,,,,,,,,
S23.85,,1,1,1,0,1,0,1,1,0,,0,1,0,1,0,,,,,,,,,,,,,,,,,,,,,,,,,,,,
S23.86,,1,0,0,1,1,1,0,1,0,,0,1,1,1,1,,,,,,,,,,,,,,,,,,,,,,,,,,,,
S23.87,,1,1,1,0,1,1,0,0,0,,1,1,0,0,0,,,,,,,,,,,,,,,,,,,,,,,,,,,,
S23.88,,1,1,1,1,1,1,1,1,1,,1,1,1,1,1,,,,,,,,,,,,,,,,,,,,,,,,,,,,
S23.89,,1,1,1,1,1,0,1,1,0,,0,1,0,0,0,,,,,,,,,,,,,,,,,,,,,,,,,,,,
S23.90,,1,1,1,1,1,1,1,1,1,,1,1,1,1,1,,,,,,,,,,,,,,,,,,,,,,,,,,,,
S23.91,,1,1,1,1,1,1,1,0,0,,0,1,1,1,1,,,,,,,,,,,,,,,,,,,,,,,,,,,,
S23.92,,1,1,1,0,1,1,1,0,0,,0,1,0,0,0,,,,,,,,,,,,,,,,,,,,,,,,,,,,
S23.93,,1,1,1,1,1,1,1,1,1,,1,1,1,1,1,,,,,,,,,,,,,,,,,,,,,,,,,,,,
S23.94,,1,1,0,0,1,1,0,1,0,,0,1,1,1,0,,,,,,,,,,,,,,,,,,,,,,,,,,,,
S23.95,,1,1,1,1,1,1,1,1,1,,1,1,1,1,1,,,,,,,,,,,,,,,,,,,,,,,,,,,,
S23.96,,1,1,1,1,1,1,1,1,1,,0,1,1,1,1,,,,,,,,,,,,,,,,,,,,,,,,,,,,
S23.97,,1,1,1,1,1,1,1,1,1,,1,1,1,1,1,,,,,,,,,,,,,,,,,,,,,,,,,,,,
S23.98,,1,1,1,1,1,1,1,1,1,,1,1,1,1,1,,,,,,,,,,,,,,,,,,,,,,,,,,,,
S23.99,,1,1,1,1,1,1,1,1,1,,1,0,0,0,0,,,,,,,,,,,,,,,,,,,,,,,,,,,,
S23.100,,1,1,0,1,1,1,1,1,0,,0,1,0,0,0,,,,,,,,,,,,,,,,,,,,,,,,,,,,
S23.101,,1,0,1,1,1,1,0,1,0,,1,1,1,0,1,,,,,,,,,,,,,,,,,,,,,,,,,,,,
S23.102,,1,1,1,1,1,1,1,1,0.8,,0,1,1,1,1,,,,,,,,,,,,,,,,,,,,,,,,,,,,
S23.103,,1,1,1,1,1,1,1,0,1,,1,1,0,1,1,,,,,,,,,,,,,,,,,,,,,,,,,,,,
S23.104,,1,1,1,1,1,1,1,1,1,,1,1,1,1,1,,,,,,,,,,,,,,,,,,,,,,,,,,,,
S23.105,,1,1,1,1,1,1,1,1,1,,1,1,1,1,1,,,,,,,,,,,,,,,,,,,,,,,,,,,,
S23.106,,1,1,1,1,1,0,1,1,0,,0,1,1,1,1,,,,,,,,,,,,,,,,,,,,,,,,,,,,
S23.107,,1,1,0,1,1,1,0,1,1,,1,1,1,1,1,,,,,,,,,,,,,,,,,,,,,,,,,,,,
S23.108,,1,1,1,1,1,1,0.8,1,0,,0.8,1,0,1,1,,,,,,,,,,,,,,,,,,,,,,,,,,,,
S23.109,,1,1,1,1,1,1,1,1,1,,1,1,1,1,1,,,,,,,,,,,,,,,,,,,,,,,,,,,,
S23.110,,1,0,1,1,1,0,1,1,0,,1,1,1,1,1,,,,,,,,,,,,,,,,,,,,,,,,,,,,
S23.111,,1,1,1,1,1,1,1,1,0,,0,1,1,1,1,,,,,,,,,,,,,,,,,,,,,,,,,,,,
S23.112,,1,1,1,1,1,1,1,1,0,,0,1,1,1,1,,,,,,,,,,,,,,,,,,,,,,,,,,,,
S23.113,,1,1,1,1,1,1,0,1,0,,0.4,1,1,0,1,,,,,,,,,,,,,,,,,,,,,,,,,,,,
S23.114,,1,1,1,1,1,1,1,0,0,,1,1,1,1,1,,,,,,,,,,,,,,,,,,,,,,,,,,,,
S23.115,,1,1,1,1,1,0,0.8,1,0,,0,1,0,0,1,,,,,,,,,,,,,,,,,,,,,,,,,,,,
S23.116,,1,1,1,1,1,1,1,1,1,,1,1,1,1,1,,,,,,,,,,,,,,,,,,,,,,,,,,,,
S23.117,,1,1,1,1,1,1,1,1,1,,1,1,1,1,1,,,,,,,,,,,,,,,,,,,,,,,,,,,,
S23.118,,1,1,1,1,1,1,1,0,1,,1,1,1,0,0,,,,,,,,,,,,,,,,,,,,,,,,,,,,
S23.119,,1,1,1,1,1,1,1,1,1,,1,1,1,1,1,,,,,,,,,,,,,,,,,,,,,,,,,,,,
S23.120,,1,1,1,1,1,0,1,0.6,1,,0,1,1,1,1,,,,,,,,,,,,,,,,,,,,,,,,,,,,
S23.121,,1,1,1,0,1,0,1,0,0,,1,1,0,0,0,,,,,,,,,,,,,,,,,,,,,,,,,,,,
S23.122,,1,1,1,1,1,1,1,1,1,,1,1,1,1,1,,,,,,,,,,,,,,,,,,,,,,,,,,,,
S23.123,,1,1,1,1,1,1,1,1,1,,1,1,1,1,1,,,,,,,,,,,,,,,,,,,,,,,,,,,,
S23.124,,1,1,1,1,1,1,1,1,1,,1,1,1,1,1,,,,,,,,,,,,,,,,,,,,,,,,,,,,
S23.125,,1,1,1,1,1,1,1,1,1,,1,1,1,1,1,,,,,,,,,,,,,,,,,,,,,,,,,,,,
S23.126,,1,1,1,1,1,1,1,1,1,,1,1,1,1,1,,,,,,,,,,,,,,,,,,,,,,,,,,,,
S23.127,,1,1,1,1,1,1,1,1,1,,1,1,1,1,1,,,,,,,,,,,,,,,,,,,,,,,,,,,,
S23.128,,1,1,1,1,1,1,1,1,1,,1,1,1,1,1,,,,,,,,,,,,,,,,,,,,,,,,,,,,
S23.129,,0,1,1,1,1,1,1,1,1,,1,1,1,1,1,,,,,,,,,,,,,,,,,,,,,,,,,,,,
S23.130,,1,1,1,0,1,1,1,0,1,,1,1,1,0,1,,,,,,,,,,,,,,,,,,,,,,,,,,,,
S23.131,,1,1,1,1,1,1,1,1,1,,1,1,1,1,1,,,,,,,,,,,,,,,,,,,,,,,,,,,,
S23.132,,1,1,1,1,1,0.8,1,0,1,,1,1,1,1,1,,,,,,,,,,,,,,,,,,,,,,,,,,,,
S23.133,,1,1,1,1,1,1,0,1,1,,1,1,1,1,1,,,,,,,,,,,,,,,,,,,,,,,,,,,,
S23.134,,1,1,1,0,1,1,0.6,0,1,,0.8,1,1,1,1,,,,,,,,,,,,,,,,,,,,,,,,,,,,
S23.135,,1,1,1,1,1,1,1,1,0,,1,1,1,1,1,,,,,,,,,,,,,,,,,,,,,,,,,,,,
S23.136,,1,1,1,1,1,1,1,1,1,,1,1,1,1,1,,,,,,,,,,,,,,,,,,,,,,,,,,,,
S23.137,,1,1,1,1,1,1,1,1,1,,1,1,0,1,1,,,,,,,,,,,,,,,,,,,,,,,,,,,,
S23.138,,1,1,1,1,1,0,1,1,0.8,,1,1,1,1,1,,,,,,,,,,,,,,,,,,,,,,,,,,,,
S23.139,,1,1,1,1,1,0.8,1,1,0,,1,1,1,1,1,,,,,,,,,,,,,,,,,,,,,,,,,,,,
S23.140,,1,0,1,1,1,1,1,1,1,,1,1,1,1,1,,,,,,,,,,,,,,,,,,,,,,,,,,,,
S23.141,,1,1,1,1,1,1,1,1,1,,1,1,1,1,1,,,,,,,,,,,,,,,,,,,,,,,,,,,,
S23.142,,1,1,0,1,1,1,1,1,1,,1,1,0,1,1,,,,,,,,,,,,,,,,,,,,,,,,,,,,
S23.143,,1,1,1,1,1,1,1,1,0,,1,1,1,1,1,,,,,,,,,,,,,,,,,,,,,,,,,,,,
S23.144,,1,1,1,1,1,1,1,1,1,,1,1,1,1,1,,,,,,,,,,,,,,,,,,,,,,,,,,,,
S23.145,,1,1,1,1,1,1,1,1,0,,1,1,1,1,1,,,,,,,,,,,,,,,,,,,,,,,,,,,,
S23.146,,1,1,1,1,1,1,1,1,1,,1,1,1,1,1,,,,,,,,,,,,,,,,,,,,,,,,,,,,
S23.147,,1,1,1,1,1,1,1,1,1,,0.8,1,1,1,1,,,,,,,,,,,,,,,,,,,,,,,,,,,,
S23.148,,1,1,0,1,1,0,0,0,0,,0,1,0,0,0,,,,,,,,,,,,,,,,,,,,,,,,,,,,
S23.149,,1,1,1,1,1,1,1,1,0,,1,1,1,1,1,,,,,,,,,,,,,,,,,,,,,,,,,,,,
S23.150,,1,1,1,1,1,0.8,1,0,1,,1,1,0,1,1,,,,,,,,,,,,,,,,,,,,,,,,,,,,
S23.151,,1,1,1,1,1,1,1,1,1,,1,1,1,1,1,,,,,,,,,,,,,,,,,,,,,,,,,,,,
1 Zhou,1,1,1,1,0.5,1,1,1,1,1,1,1,1,0,1,1,1,1,1,1,1,1,1,1,1,,,,1,1,1,1,1,1,1,1,1,0.5,1,1,1,1,1,
2 Zhou,1,1,1,1,1,1,1,1,1,1,1,1,1,0,1,1,1,1,1,1,1,1,1,0,1,,,,1,1,1,1,1,1,1,1,1,0,1,1,1,0,1,
3 Zhou,0,1,1,1,1,1,1,1,1,1,1,1,1,1,1,1,1,1,1,1,1,1,1,1,0,,,,1,1,1,1,1,1,1,1,1,1,1,1,1,1,1,
4 Zhou,1,1,1,1,1,1,1,1,1,1,0.5,1,1,1,1,0,1,1,1,1,1,1,1,1,1,,,,1,1,1,1,1,1,1,1,1,0.5,1,1,1,1,1,
5 Zhou,1,1,1,1,1,1,0,1,1,1,0.5,1,1,0,0,0,1,1,1,1,1,1,1,1,1,,,,1,1,1,1,1,1,1,1,1,0.5,1,1,1,1,0,
6 Zhou,0,0,1,1,1,1,1,1,1,1,0.5,1,1,1,1,1,1,1,1,1,1,1,1,1,1,,,,1,1,1,1,1,1,1,1,1,1,1,1,1,1,1,
7 Zhou,1,1,1,1,1,1,1,1,1,1,1,1,1,1,1,1,1,1,1,1,1,1,1,1,1,,,,1,1,1,1,1,1,1,1,1,1,1,1,1,1,1,
8 Zhou,1,1,1,1,1,1,1,1,1,1,0.5,1,1,1,1,1,1,1,1,1,1,1,1,1,1,,,,1,1,1,1,1,1,1,1,1,1,0.5,1,1,1,1,
9 Zhou,1,1,1,0,0.5,1,0,0,0,0,0,0,0,0,0,0,0,0,0,0,1,0,1,0,0,,,,1,1,1,1,1,1,0,1,0,1,0,0.5,1,0,0,
10 Zhou,1,1,1,1,1,0.5,1,1,1,1,1,1,1,1,1,1,1,1,1,1,1,1,1,1,1,,,,1,1,1,1,1,1,1,1,1,1,1,1,1,1,1,
11 Zhou,1,1,1,1,1,1,1,1,1,1,1,1,1,1,1,1,1,1,1,1,1,1,1,1,1,,,,1,1,1,1,1,1,1,1,0.5,1,1,1,1,1,1,
12 Zhou,1,1,1,0.5,1,1,1,1,1,1,0,1,1,1,1,1,1,1,1,1,1,1,1,1,1,,,,1,1,1,1,1,1,0,1,1,1,1,1,1,1,1,
13 Zhou,0,1,1,1,1,1,1,1,1,1,1,1,1,1,1,1,1,1,1,1,1,1,1,1,1,,,,1,1,1,1,1,1,1,1,1,1,1,1,1,1,1,
14 Zhou,,,,,,,,,,,,,,,,,,,,,,,,,,,,,,,,,,,,,,,,,,,,
15 Zhou,1,1,0,1,0.5,1,1,1,0,0,0,1,0,0,0,0,0,0,0,0,0,0,1,0,0,,,,1,1,1,1,1,1,1,0,0,1,0,0.5,1,0,0,
16 Zhou,1,1,0.5,0.5,1,1,1,1,1,1,0.5,1,1,1,0,0,1,1,1,1,1,1,1,1,1,,,,1,1,1,1,1,1,1,1,1,0,0,1,1,1,0.5,
17 Zhou,1,1,1,1,1,1,1,1,1,1,1,1,1,1,1,1,1,1,1,1,0,1,1,0,0,,,,1,1,1,1,1,1,1,1,1,1,1,1,1,1,0,
18 Zhou,1,1,1,1,1,1,1,1,1,1,1,0,1,0,0,1,0,0,1,0,1,1,1,0,1,,,,1,1,0.5,1,1,1,1,0,1,1,1,1,1,1,1,
19 Zhou,1,1,1,1,1,1,1,1,1,1,0.5,1,1,1,0,1,1,1,1,1,1,0,1,1,1,,,,1,1,1,1,1,1,1,1,1,1,1,1,1,1,1,
20 Zhou,1,1,1,0.5,1,1,1,1,1,1,1,1,1,1,1,1,1,1,1,1,1,1,1,1,1,,,,1,1,1,1,1,1,1,0.5,1,1,1,1,1,1,1,
21 Zhou,1,1,1,1,1,0,1,1,1,1,1,1,1,0,0,1,1,0,1,1,1,1,1,0,0,,,,1,0,1,1,1,1,1,1,1,1,0,1,1,0,0,
22 Zhou,1,1,0,0,1,1,1,1,1,1,0,0,1,1,1,1,1,1,1,0,0,1,1,1,0,,,,1,1,1,1,0,1,1,1,1,1,1,1,1,1,1,
23 Zhou,1,1,1,1,1,0,1,1,1,1,0,1,0,0,1,1,1,1,1,1,1,0,1,0,0,,,,1,1,1,1,1,1,1,0,0.5,0,0.5,0.5,1,1,0,
24 Zhou,1,1,1,1,1,1,1,1,1,1,1,1,1,1,1,1,1,1,1,1,1,1,1,1,1,,,,1,1,1,1,1,1,1,1,1,1,1,1,1,1,1,
25 Zhou,1,1,1,1,1,1,1,1,1,1,1,1,1,1,1,1,1,1,1,1,0,1,1,1,1,,,,1,1,1,1,1,1,1,1,1,0,1,0.5,1,1,1,
26 Zhou,1,1,0.5,1,1,1,1,1,1,1,1,1,1,1,1,1,1,1,1,1,1,1,1,1,1,,,,1,1,1,1,1,1,1,1,1,1,1,0.5,1,1,1,
27 Zhou,1,1,1,1,1,1,1,1,1,1,1,1,1,1,1,1,1,1,1,1,1,1,1,1,1,,,,1,1,0.5,0.5,1,1,1,1,1,1,1,1,1,1,1,
28 Zhou,1,0,1,1,1,0.5,1,0,0,1,0,0,0,0,1,0,1,0,0,0,1,0,1,1,0,,,,1,1,1,0,0,1,0,1,0.5,0.5,1,0.5,1,1,1,
29 Zhou,1,1,1,1,1,1,1,1,1,1,1,1,1,1,1,1,1,1,1,1,0,1,1,1,1,,,,1,1,1,0,1,1,1,0,1,1,1,1,1,1,1,
30 Zhou,1,1,1,1,0.5,1,1,1,1,1,1,1,1,1,1,1,0,1,1,0,1,1,1,1,1,,,,1,1,1,1,1,1,1,1,1,1,1,1,1,1,1,
31 Zhou,1,1,1,1,1,1,1,1,1,0,1,1,1,1,1,1,1,1,1,1,1,1,1,1,1,,,,1,1,1,1,1,1,1,0,1,1,0,1,1,1,1,
33 Zhou,1,1,1,1,0.5,1,0,1,1,1,1,1,1,1,1,1,1,1,1,1,1,1,1,1,1,,,,1,1,1,1,1,1,1,1,1,1,1,1,1,0,1,
34 Zhou,1,1,1,1,1,1,1,1,1,1,1,1,1,1,1,0,1,1,1,1,1,1,1,1,1,,,,1,1,1,1,1,1,1,1,1,1,1,1,1,1,1,
35 Zhou,1,1,1,1,1,1,1,1,1,0,1,1,1,1,1,1,1,1,1,1,1,1,1,1,1,,,,1,1,1,1,1,1,1,1,1,1,1,1,1,1,1,
36 Zhou,1,1,1,1,1,1,1,1,1,1,1,1,1,1,1,1,0,1,1,1,0,1,1,0,0,,,,1,1,1,0.5,1,1,1,1,1,1,1,1,1,1,1,
37 Zhou,1,1,1,1,1,1,1,1,1,1,1,1,1,1,1,0,1,1,1,1,1,1,1,0,1,,,,1,1,0.5,1,1,1,1,1,1,0.5,1,1,1,1,1,
38 Zhou,1,1,1,1,1,1,1,1,1,1,0.5,1,1,1,1,1,1,1,1,0,1,1,1,1,1,,,,1,1,1,1,1,1,1,1,1,1,0,1,1,1,1,
39 Zhou,1,1,1,1,1,1,0,0,1,1,1,1,1,1,1,1,1,1,0,1,1,0,1,0,1,,,,1,1,1,1,1,1,1,1,1,1,1,1,1,1,1,
40 Zhou,1,1,1,1,1,1,1,1,1,1,1,1,1,1,1,1,1,1,1,1,1,1,1,1,1,,,,1,1,1,1,1,1,1,1,1,1,1,1,1,1,1,
41 Zhou,1,1,1,1,1,1,1,0,1,1,1,1,0.5,0,1,1,1,0,1,0,1,1,1,1,1,,,,1,1,1,1,1,1,1,1,0,1,1,1,1,1,1,
42 Zhou,1,1,1,0.5,1,1,1,1,1,1,0,1,1,1,0,1,1,1,1,1,1,1,1,1,1,,,,1,1,1,1,1,1,1,1,1,1,1,1,1,0,1,
43 Zhou,1,1,1,1,1,1,1,1,1,1,1,1,1,1,1,1,1,1,1,1,1,1,1,1,1,,,,1,1,1,1,1,1,1,1,1,1,1,1,1,1,1,
44 Zhou,1,1,1,1,1,1,1,1,1,1,1,1,1,1,1,1,1,1,1,1,1,1,1,1,1,,,,0,1,1,1,1,1,1,1,1,1,0.5,1,1,1,1,
45 Zhou,1,1,1,1,1,1,1,1,1,1,1,1,1,1,1,1,1,1,1,1,1,1,1,1,1,,,,1,1,1,1,0.5,1,1,1,1,1,1,0.5,1,1,1,
46 Zhou,1,1,1,1,1,1,1,0.5,1,1,1,1,1,0,0,1,1,0,0,1,1,1,1,1,0,,,,1,1,1,1,1,1,1,1,1,0,1,0.5,1,1,1,
47 Zhou,1,1,0.5,1,1,1,1,1,1,1,0.5,1,1,1,1,1,1,1,1,1,1,1,1,1,1,,,,1,1,1,1,1,1,0,1,1,1,1,1,1,1,1,
48 Zhou,0,0,0,0,0,0,0,0,0,0,0,0,0,0,0,0,0,0,0,0,0,0,1,0,0,,,,1,0,0,0.5,0,1,1,0,0,1,0,0,1,1,1,
49 Zhou,1,1,1,0.5,1,1,1,0.5,1,1,0.5,1,1,1,1,1,1,1,1,1,1,1,1,1,0,,,,1,1,1,1,1,1,1,1,1,1,1,1,1,1,1,
50 Zhou,1,0,0,1,0,0.5,0,1,0,1,0.5,1,0,1,0,1,1,0,1,0,1,1,1,0,0,,,,1,1,0.5,0.5,1,1,1,0.5,1,0.5,0.5,1,1,1,1,
51 Zhou,1,1,1,1,1,1,1,1,1,1,1,0,1,1,1,1,1,1,1,1,1,0,1,1,1,,,,1,1,1,1,1,1,1,1,1,1,1,1,1,1,1,
52 Zhou,1,1,0.5,1,0.5,1,0,1,0,0,0,0,0,1,1,1,0,0,1,1,1,1,1,1,1,,,,1,0.5,1,0,1,1,1,1,1,1,1,1,1,1,1,
53 Zhou,1,1,1,1,1,1,1,0.5,1,1,1,1,1,1,0,1,1,1,1,1,1,1,1,0,1,,,,1,1,1,1,1,1,1,1,0.5,1,1,1,1,1,1,
54 Zhou,1,1,1,0,0.5,1,0,1,1,0,0,1,0,1,1,1,0,1,1,1,0,1,1,0,1,,,,1,1,1,1,1,1,1,1,0.5,0,1,1,1,1,0,
55 Zhou,1,1,1,1,1,1,1,1,1,1,0.5,1,1,1,0,1,1,1,1,1,0,1,1,1,1,,,,1,1,1,1,1,1,1,1,0,1,1,1,1,0,1,
56 Zhou,1,1,1,1,1,0.5,1,1,1,1,0,1,0.5,1,0,1,1,1,0,0,1,1,1,0,1,,,,1,1,1,1,1,1,1,1,1,1,1,0.5,1,1,1,
57 Zhou,1,1,1,1,1,1,1,1,1,1,0.5,1,1,1,1,1,1,1,1,1,1,1,1,1,1,,,,1,1,1,1,1,1,1,1,1,1,1,1,1,1,1,
58 Zhou,1,1,1,1,0,1,1,1,1,1,1,1,0,1,1,0,1,1,1,0,1,1,1,0,0,,,,1,1,1,0,1,1,1,1,0,1,0,0,1,0,0,
59 Zhou,1,1,1,1,1,1,0,1,1,1,1,1,1,1,1,1,1,1,1,1,1,1,1,1,1,,,,1,1,1,1,1,1,1,1,1,1,0.5,1,1,1,1,
60 Zhou,1,1,1,1,1,1,1,1,1,1,1,1,1,1,1,1,1,0,1,1,1,1,1,1,1,,,,1,1,0.5,1,1,1,1,0.5,1,0.5,1,0.5,1,1,1,
61 Zhou,1,0,1,1,1,1,1,1,1,1,1,1,0,1,1,1,0,1,1,0,1,1,1,0,0,,,,1,1,1,1,1,1,1,1,1,1,0,1,1,1,0,
62 Zhou,1,1,1,1,1,1,1,1,0,1,0.5,1,1,1,1,1,1,1,1,1,1,1,1,1,1,,,,0,1,1,1,1,1,1,1,1,1,1,1,1,1,1,
63 Zhou,0,1,1,1,1,1,1,1,1,1,1,1,1,0,0,0,1,0,1,1,1,1,1,1,0,,,,1,1,1,1,1,1,0,1,0,1,1,0.5,1,1,1,
64 Zhou,1,1,1,1,1,1,1,1,1,1,0.5,1,1,1,1,1,1,1,1,1,1,1,1,1,1,,,,1,1,1,1,1,1,1,1,1,1,1,1,1,1,1,
65 Zhou,1,1,1,1,1,1,1,1,1,1,1,1,0.5,1,1,1,1,1,1,1,1,1,1,1,1,,,,1,1,1,1,1,1,1,1,1,1,1,1,1,1,1,
66 Zhou,1,1,1,1,1,1,1,1,1,1,1,1,1,1,1,1,1,1,1,1,1,1,1,1,1,,,,1,1,1,1,1,1,1,1,1,1,1,1,1,1,1,
67 Zhou,1,1,1,0.5,1,1,1,1,1,1,0,1,1,1,1,1,1,1,1,1,1,1,1,1,1,,,,1,1,1,1,1,1,1,1,1,1,1,1,1,1,1,
68 Zhou,1,1,1,1,0.5,1,1,1,1,1,0,1,1,1,1,1,1,1,1,1,1,1,1,1,1,,,,1,1,1,1,1,1,1,1,1,0.5,0.5,1,1,1,1,
69 Zhou,1,1,1,1,1,0,1,1,1,1,1,1,1,1,1,1,1,1,1,1,1,1,1,1,1,,,,1,1,1,1,1,1,1,0,1,0,1,0.5,0,1,1,
70 Zhou,1,1,1,1,1,1,1,1,1,1,0.5,1,1,1,1,1,1,1,1,1,1,1,1,1,1,,,,1,1,1,1,1,1,1,1,1,1,1,1,1,1,1,
71 Zhou,1,1,1,1,0,1,1,1,1,1,1,1,0,1,1,1,1,1,1,1,1,1,1,1,1,,,,1,1,1,1,1,1,1,1,1,1,1,1,1,1,1,
72 Zhou,1,0,0,1,1,1,0,0,1,0,0.5,1,0,1,1,1,0,0,0,0,0,0,1,0,0,,,,1,0,0,1,1,1,1,0,1,0,0.5,0.5,1,0,0,
73 Zhou,1,1,0,1,1,1,1,1,1,0,1,1,1,1,1,1,0,1,0,1,1,0,1,0,1,,,,1,1,1,1,1,1,1,0,1,1,0.5,1,1,0,1,
74 Zhou,1,1,1,1,1,1,1,1,1,1,1,1,1,1,1,1,1,1,1,1,1,1,1,1,1,,,,1,0.5,0.5,1,1,1,1,1,0,1,1,1,1,1,1,
75 Zhou,1,1,1,1,1,1,1,1,1,1,1,1,1,1,1,1,1,1,1,1,1,1,1,1,1,,,,1,1,1,1,1,1,1,1,1,1,1,1,1,1,1,
76 Zhou,1,1,1,1,1,1,1,1,1,1,0.5,1,1,1,1,1,1,0,1,1,1,1,1,1,1,,,,1,1,1,1,1,1,1,1,1,1,1,1,1,1,1,
77 Zhou,0,0,0,0.5,1,0,1,1,1,1,1,1,0,1,1,1,0,1,1,1,1,1,1,0,1,,,,1,1,1,1,1,1,0,1,1,1,1,1,1,1,0.5,
78 Zhou,1,1,1,1,1,1,1,1,1,1,0.5,1,1,1,1,1,1,1,1,1,0,1,1,1,1,,,,1,1,1,1,1,1,1,1,1,0.5,1,1,1,1,1,
79 Zhou,1,1,1,1,1,1,1,1,1,1,0.5,1,1,1,1,1,1,1,0,0,1,1,1,0,1,,,,1,1,1,0,1,1,1,1,1,1,1,1,1,1,1,
80 Zhou,1,1,1,1,1,1,1,1,1,1,0,1,1,0,0,1,1,1,0,1,0,1,1,0,1,,,,0,1,1,1,1,1,1,1,1,0,1,1,1,1,1,
81 Zhou,1,1,1,1,1,1,1,1,1,1,1,1,1,1,0,1,1,1,1,1,0,1,1,1,1,,,,1,1,1,1,1,1,1,1,1,1,1,1,1,1,1,
82 Zhou,1,1,0.5,1,1,1,1,1,1,1,1,1,1,1,1,1,1,1,1,1,1,1,1,1,1,,,,1,1,1,1,1,1,1,1,1,1,1,1,1,1,1,
83 Zhou,0,1,1,1,1,1,1,1,1,1,0.5,1,1,1,1,1,1,1,0,0,0,1,1,0,1,,,,1,1,0,1,1,1,1,0,1,0,0.5,0.5,1,0,0,
84 Zhou,0,0,0,0,0,0,0,0,0,0,0,0,0,0,0,0,0,0,0,0,0,0,1,0,0,,,,1,0,0.5,0,0,1,0,0,0,0,0,0.5,0,0,0,
85 Zhou,1,0,1,1,1,1,0,0,1,0,1,0,1,1,1,1,1,0,1,1,1,1,1,0,1,,,,1,1,1,1,1,1,1,0,0,1,1,0,1,1,0,
86 Zhou,1,1,1,1,1,1,1,1,1,1,0,1,1,1,1,1,1,1,1,1,1,1,1,1,1,,,,1,1,1,1,1,1,1,1,1,1,1,1,1,1,1,
87 Zhou,0,1,1,1,1,0,1,1,1,1,1,1,0,0,1,0,1,1,1,0,1,0,1,0,0,,,,1,0,1,1,0,1,0,1,1,1,1,0.5,1,0,0,
88 Zhou,1,1,1,1,1,1,1,1,1,1,1,1,1,1,1,1,1,1,1,1,1,1,1,1,1,,,,1,1,1,1,1,1,1,1,1,1,1,1,1,1,1,
89 Zhou,1,1,1,1,1,1,1,1,1,1,1,1,1,1,1,1,1,1,1,1,1,1,1,1,1,,,,1,1,0,1,1,1,1,1,1,1,1,1,1,1,1,
90 Zhou,1,1,0,1,0.5,1,1,1,1,1,0,1,1,1,1,1,1,1,1,1,1,1,1,1,1,,,,1,0,1,1,1,1,1,1,1,1,1,1,1,1,1,
91 Zhou,0,1,1,0,0,0,1,1,0,1,0.5,1,0,1,0,1,1,0,0,0,0,1,1,0,0,,,,1,0.5,1,1,1,1,1,1,1,1,1,1,1,1,1,
92 Zhou,0,1,1,0.5,1,1,0,1,1,1,0,1,1,0,0,1,1,0,0,0,1,1,1,1,1,,,,1,1,1,0,1,1,1,1,1,1,0.5,0.5,1,1,1,
93 Zhou,1,1,1,1,1,1,1,0.5,1,1,1,1,1,0,1,1,1,1,1,1,1,1,1,1,1,,,,1,1,1,1,1,1,1,1,0.5,1,0.5,1,1,1,1,
94 Zhou,1,1,1,1,1,1,0,1,1,1,1,1,1,1,0,0,1,0,1,1,1,1,1,1,1,,,,1,1,1,1,1,1,1,0,1,1,1,1,1,1,1,
95 Zhou,1,1,1,0.5,1,1,1,1,1,1,1,1,0.5,1,0,0,1,1,1,0,0,1,1,1,1,,,,1,1,1,1,1,1,1,1,1,1,1,1,1,1,0,
96 Zhou,0,1,1,0.5,0,0,0,0,0,0,0,0,1,0,0,0,0,0,0,0,0,0,1,0,0,,,,1,1,1,1,1,1,1,1,1,1,1,1,1,1,0,
97 Zhou,1,1,0.5,1,1,1,1,1,0,1,1,1,1,1,1,0,1,1,1,1,1,1,1,1,1,,,,1,1,1,1,1,1,1,1,1,1,1,1,1,1,1,
98 Zhou,1,1,1,1,0,1,1,1,1,0,0.5,1,1,1,1,1,1,1,1,1,1,1,1,1,1,,,,1,1,0,1,0.5,1,1,1,0.5,0.5,1,0.5,1,1,1,
99 Zhou,1,1,1,1,1,0,1,1,0,1,0.5,1,1,1,1,1,0,1,1,1,0,1,1,1,0,,,,1,1,1,1,1,1,1,0.5,0.5,0.5,1,1,1,0,1,
100 Zhou,1,1,1,1,1,1,1,0,1,1,1,1,1,1,1,1,1,1,1,1,1,1,1,1,1,,,,1,1,1,1,1,1,1,1,1,1,1,1,1,1,1,
101 Zhou,1,1,1,1,1,1,1,1,1,1,0.5,1,1,1,1,1,1,1,0,1,1,0,1,0,0,,,,1,1,1,1,0,1,1,1,1,1,1,1,1,1,1,
102 Zhou,1,1,1,1,1,1,1,1,1,1,1,1,1,1,1,1,1,1,1,1,1,1,1,1,1,,,,1,1,1,1,1,1,1,1,1,1,1,1,1,1,0,
103 Zhou,0,1,1,1,0,0,0,0.5,0,0,0,0,0,1,0,1,1,1,1,1,1,1,1,0,1,,,,1,0,1,1,0.5,1,1,0.5,0,0.5,1,0.5,1,1,1,
104 Zhou,1,1,1,1,1,1,1,1,1,1,0.5,1,1,1,1,1,1,0,1,1,1,1,1,1,0,,,,1,1,1,1,1,1,1,1,1,1,1,1,1,1,1,
105 Zhou,1,1,1,1,1,1,1,1,1,1,1,0,1,1,1,1,1,0,1,1,1,1,1,0,1,,,,1,1,1,1,1,1,1,1,0.5,1,0.5,1,1,1,1,
106 Zhou,1,1,1,1,1,1,1,1,1,1,1,1,1,1,1,1,1,1,1,1,0,1,1,1,1,,,,1,1,1,1,1,1,1,1,1,1,1,1,1,1,1,
107 Zhou,1,1,1,1,1,1,1,1,1,1,1,1,1,1,0,1,1,1,1,1,1,1,1,1,1,,,,1,1,1,1,1,1,1,1,1,1,1,1,1,1,0,
108 Zhou,1,1,1,1,1,1,1,0.5,1,1,1,1,0,1,1,1,1,1,1,0,1,0,1,1,1,,,,1,1,1,0.5,0.5,1,1,0.5,1,0.5,1,0.5,1,1,0,
109 Zhou,1,1,1,1,1,1,1,1,1,1,0.5,1,1,1,1,1,1,1,1,1,1,1,1,1,1,,,,1,1,1,1,1,1,1,1,1,1,1,1,1,1,1,
110 Zhou,1,1,1,1,1,1,1,1,1,1,1,1,1,1,1,1,1,1,1,1,1,1,1,1,1,,,,1,1,1,1,1,1,1,1,1,0,1,1,1,1,1,
111 Zhou,1,1,1,1,1,1,1,1,1,1,1,1,1,1,1,1,1,1,1,1,1,1,1,1,1,,,,1,1,1,1,1,1,1,1,1,1,1,1,1,1,1,
112 Zhou,1,1,1,1,1,1,1,1,1,1,1,1,1,1,1,1,1,1,1,1,1,1,1,1,1,,,,1,1,1,1,1,1,1,1,1,1,1,1,1,1,1,
113 Zhou,1,0,0,0,1,1,1,1,1,1,1,1,1,1,1,1,1,1,1,1,0,1,1,1,1,,,,1,0,1,1,1,1,1,1,1,0.5,0.5,0.5,1,0.5,1,
